product_id,part_number,family,launch_date
P0001,VPH-1000,Vertical Probe Heads,2022-04-05
P0002,VPH-1037,Vertical Probe Heads,2021-09-08
P0003,VPH-1074,Vertical Probe Heads,2022-07-08
P0004,VPH-1111,Vertical Probe Heads,2023-07-02
P0005,VPH-1148,Vertical Probe Heads,2022-10-01
P0006,VPH-1185,Vertical Probe Heads,2023-04-29
P0007,VPH-1222,Vertical Probe Heads,2021-12-23
P0008,VPH-1259,Vertical Probe Heads,2021-03-11
P0009,VPH-1296,Vertical Probe Heads,2025-05-10
P0010,VPH-1333,Vertical Probe Heads,2023-04-30
P0011,VPH-1370,Vertical Probe Heads,2023-04-05
P0012,VPH-1407,Vertical Probe Heads,2022-06-20
P0013,VPH-1444,Vertical Probe Heads,2022-12-01
P0014,VPH-1481,Vertical Probe Heads,2020-11-10
P0015,VPH-1518,Vertical Probe Heads,2023-05-24
P0016,VPH-1555,Vertical Probe Heads,2018-12-16
P0017,VPH-1592,Vertical Probe Heads,2023-01-21
P0018,VPH-1629,Vertical Probe Heads,2025-05-06
P0019,VPH-1666,Vertical Probe Heads,2019-04-28
P0020,VPH-1703,Vertical Probe Heads,2021-12-04
P0021,CPC-1740,Cantilever Probe Cards,2022-02-12
P0022,CPC-1777,Cantilever Probe Cards,2021-02-27
P0023,CPC-1814,Cantilever Probe Cards,2019-02-01
P0024,CPC-1851,Cantilever Probe Cards,2021-07-30
P0025,CPC-1888,Cantilever Probe Cards,2023-11-02
P0026,CPC-1925,Cantilever Probe Cards,2021-03-15
P0027,CPC-1962,Cantilever Probe Cards,2019-10-11
P0028,CPC-1999,Cantilever Probe Cards,2021-08-12
P0029,CPC-2036,Cantilever Probe Cards,2018-12-10
P0030,CPC-2073,Cantilever Probe Cards,2021-01-14
P0031,CPC-2110,Cantilever Probe Cards,2024-11-02
P0032,CPC-2147,Cantilever Probe Cards,2025-10-29
P0033,CPC-2184,Cantilever Probe Cards,2022-04-19
P0034,CPC-2221,Cantilever Probe Cards,2019-02-20
P0035,CPC-2258,Cantilever Probe Cards,2020-10-11
P0036,CPC-2295,Cantilever Probe Cards,2019-07-31
P0037,CPC-2332,Cantilever Probe Cards,2024-12-05
P0038,CPC-2369,Cantilever Probe Cards,2023-07-16
P0039,CPC-2406,Cantilever Probe Cards,2020-01-12
P0040,CPC-2443,Cantilever Probe Cards,2021-10-27
P0041,BIS-2480,Burn-In Sockets,2023-01-17
P0042,BIS-2517,Burn-In Sockets,2022-08-25
P0043,BIS-2554,Burn-In Sockets,2023-06-10
P0044,BIS-2591,Burn-In Sockets,2022-05-30
P0045,BIS-2628,Burn-In Sockets,2025-04-13
P0046,BIS-2665,Burn-In Sockets,2022-05-20
P0047,BIS-2702,Burn-In Sockets,2021-03-14
P0048,BIS-2739,Burn-In Sockets,2019-07-28
P0049,BIS-2776,Burn-In Sockets,2022-01-02
P0050,BIS-2813,Burn-In Sockets,2019-07-18
P0051,BIS-2850,Burn-In Sockets,2023-06-13
P0052,BIS-2887,Burn-In Sockets,2022-06-19
P0053,BIS-2924,Burn-In Sockets,2023-12-26
P0054,BIS-2961,Burn-In Sockets,2020-09-20
P0055,BIS-2998,Burn-In Sockets,2023-10-10
P0056,BIS-3035,Burn-In Sockets,2021-01-13
P0057,BIS-3072,Burn-In Sockets,2023-04-12
P0058,BIS-3109,Burn-In Sockets,2020-07-10
P0059,BIS-3146,Burn-In Sockets,2022-12-20
P0060,BIS-3183,Burn-In Sockets,2020-05-04
P0061,LDB-3220,Load Boards,2023-08-25
P0062,LDB-3257,Load Boards,2019-06-22
P0063,LDB-3294,Load Boards,2022-10-08
P0064,LDB-3331,Load Boards,2021-08-11
P0065,LDB-3368,Load Boards,2020-06-16
P0066,LDB-3405,Load Boards,2020-03-30
P0067,LDB-3442,Load Boards,2023-07-12
P0068,LDB-3479,Load Boards,2020-08-04
P0069,LDB-3516,Load Boards,2021-12-17
P0070,LDB-3553,Load Boards,2025-12-04
P0071,LDB-3590,Load Boards,2018-10-21
P0072,LDB-3627,Load Boards,2021-04-29
P0073,LDB-3664,Load Boards,2021-04-24
P0074,LDB-3701,Load Boards,2018-12-30
P0075,LDB-3738,Load Boards,2022-04-18
P0076,LDB-3775,Load Boards,2020-02-11
P0077,LDB-3812,Load Boards,2020-08-11
P0078,LDB-3849,Load Boards,2023-08-01
P0079,LDB-3886,Load Boards,2018-09-25
P0080,LDB-3923,Load Boards,2019-06-04
P0081,TCU-3960,Thermal Control Units,2022-12-28
P0082,TCU-3997,Thermal Control Units,2019-03-31
P0083,TCU-4034,Thermal Control Units,2019-10-20
P0084,TCU-4071,Thermal Control Units,2021-05-07
P0085,TCU-4108,Thermal Control Units,2020-12-25
P0086,TCU-4145,Thermal Control Units,2022-03-26
P0087,TCU-4182,Thermal Control Units,2021-08-20
P0088,TCU-4219,Thermal Control Units,2018-11-29
P0089,TCU-4256,Thermal Control Units,2021-12-03
P0090,TCU-4293,Thermal Control Units,2023-04-22
P0091,TCU-4330,Thermal Control Units,2022-08-23
P0092,TCU-4367,Thermal Control Units,2019-01-10
P0093,TCU-4404,Thermal Control Units,2019-04-14
P0094,TCU-4441,Thermal Control Units,2020-09-03
P0095,TCU-4478,Thermal Control Units,2023-08-06
P0096,TCU-4515,Thermal Control Units,2025-03-17
P0097,TCU-4552,Thermal Control Units,2022-07-28
P0098,TCU-4589,Thermal Control Units,2023-05-19
P0099,TCU-4626,Thermal Control Units,2020-11-21
P0100,TCU-4663,Thermal Control Units,2022-05-12
P0101,CAL-4700,Calibration Standards,2019-07-27
P0102,CAL-4737,Calibration Standards,2023-07-31
P0103,CAL-4774,Calibration Standards,2020-03-11
P0104,CAL-4811,Calibration Standards,2020-05-06
P0105,CAL-4848,Calibration Standards,2021-10-25
P0106,CAL-4885,Calibration Standards,2022-01-07
P0107,CAL-4922,Calibration Standards,2021-10-04
P0108,CAL-4959,Calibration Standards,2023-06-22
P0109,CAL-4996,Calibration Standards,2022-02-11
P0110,CAL-5033,Calibration Standards,2021-04-19
P0111,CAL-5070,Calibration Standards,2022-10-29
P0112,CAL-5107,Calibration Standards,2021-08-17
P0113,CAL-5144,Calibration Standards,2020-12-21
P0114,CAL-5181,Calibration Standards,2023-06-29
P0115,CAL-5218,Calibration Standards,2024-01-09
P0116,CAL-5255,Calibration Standards,2021-05-31
P0117,CAL-5292,Calibration Standards,2019-08-09
P0118,CAL-5329,Calibration Standards,2022-01-10
P0119,CAL-5366,Calibration Standards,2023-08-08
P0120,CAL-5403,Calibration Standards,2022-08-25
