product_id,effective_start,effective_end,standard_cost
P0001,2024-01-01,2024-03-31,20051.2
P0001,2024-04-01,2024-06-30,20065.91
P0001,2024-07-01,2024-09-30,20249.68
P0001,2024-10-01,2024-12-31,20237.71
P0001,2025-01-01,2025-03-31,20196.38
P0001,2025-04-01,2025-06-30,20011.39
P0001,2025-07-01,2025-09-30,19771.88
P0001,2025-10-01,2025-12-31,19788.66
P0001,2026-01-01,2026-03-31,19826.65
P0001,2026-04-01,2026-06-30,19679.17
P0001,2026-07-01,2026-09-30,19789.87
P0001,2026-10-01,2099-12-31,19699.83
P0002,2024-01-01,2024-03-31,23569.85
P0002,2024-04-01,2024-06-30,23633.25
P0002,2024-07-01,2024-09-30,23710.52
P0002,2024-10-01,2024-12-31,23912.25
P0002,2025-01-01,2025-03-31,23933.97
P0002,2025-04-01,2025-06-30,24243.76
P0002,2025-07-01,2025-09-30,24371.31
P0002,2025-10-01,2025-12-31,24388.3
P0002,2026-01-01,2026-03-31,24610.4
P0002,2026-04-01,2026-06-30,24806.67
P0002,2026-07-01,2026-09-30,24804.87
P0002,2026-10-01,2099-12-31,25100.19
P0003,2024-01-01,2024-03-31,18394.07
P0003,2024-04-01,2024-06-30,18617.04
P0003,2024-07-01,2024-09-30,18809.56
P0003,2024-10-01,2024-12-31,19114.64
P0003,2025-01-01,2025-03-31,19423.12
P0003,2025-04-01,2025-06-30,19750.96
P0003,2025-07-01,2025-09-30,20058.78
P0003,2025-10-01,2025-12-31,20459.63
P0003,2026-01-01,2026-03-31,20731.16
P0003,2026-04-01,2026-06-30,21031.3
P0003,2026-07-01,2026-09-30,21402.73
P0003,2026-10-01,2099-12-31,21697.83
P0004,2024-01-01,2024-03-31,18047.94
P0004,2024-04-01,2024-06-30,18052.21
P0004,2024-07-01,2024-09-30,17833.74
P0004,2024-10-01,2024-12-31,17799.6
P0004,2025-01-01,2025-03-31,17703.65
P0004,2025-04-01,2025-06-30,17645.56
P0004,2025-07-01,2025-09-30,17618.17
P0004,2025-10-01,2025-12-31,17437.45
P0004,2026-01-01,2026-03-31,17368.64
P0004,2026-04-01,2026-06-30,17235.83
P0004,2026-07-01,2026-09-30,17091.32
P0004,2026-10-01,2099-12-31,17085.34
P0005,2024-01-01,2024-03-31,18375.19
P0005,2024-04-01,2024-06-30,18502.98
P0005,2024-07-01,2024-09-30,18563.72
P0005,2024-10-01,2024-12-31,18632.21
P0005,2025-01-01,2025-03-31,18682.94
P0005,2025-04-01,2025-06-30,18776.56
P0005,2025-07-01,2025-09-30,18823.25
P0005,2025-10-01,2025-12-31,18790.69
P0005,2026-01-01,2026-03-31,18890.45
P0005,2026-04-01,2026-06-30,18837.37
P0005,2026-07-01,2026-09-30,18956.72
P0005,2026-10-01,2099-12-31,19047.3
P0006,2024-01-01,2024-03-31,16268.69
P0006,2024-04-01,2024-06-30,15942.97
P0006,2024-07-01,2024-09-30,15824.87
P0006,2024-10-01,2024-12-31,15708.97
P0006,2025-01-01,2025-03-31,15621.74
P0006,2025-04-01,2025-06-30,15411.62
P0006,2025-07-01,2025-09-30,15254.72
P0006,2025-10-01,2025-12-31,15154.71
P0006,2026-01-01,2026-03-31,15048.55
P0006,2026-04-01,2026-06-30,14881.45
P0006,2026-07-01,2026-09-30,14685.33
P0006,2026-10-01,2099-12-31,14542.57
P0007,2024-01-01,2024-03-31,17909.51
P0007,2024-04-01,2024-06-30,17877.31
P0007,2024-07-01,2024-09-30,17616.32
P0007,2024-10-01,2024-12-31,17391.01
P0007,2025-01-01,2025-03-31,17290.09
P0007,2025-04-01,2025-06-30,17091.5
P0007,2025-07-01,2025-09-30,16934.51
P0007,2025-10-01,2025-12-31,16652.52
P0007,2026-01-01,2026-03-31,16577.28
P0007,2026-04-01,2026-06-30,16541.54
P0007,2026-07-01,2026-09-30,16345.97
P0007,2026-10-01,2099-12-31,16198.39
P0008,2024-01-01,2024-03-31,20827.75
P0008,2024-04-01,2024-06-30,20855.55
P0008,2024-07-01,2024-09-30,20879.19
P0008,2024-10-01,2024-12-31,20936.94
P0008,2025-01-01,2025-03-31,20980.7
P0008,2025-04-01,2025-06-30,20971.25
P0008,2025-07-01,2025-09-30,21047.59
P0008,2025-10-01,2025-12-31,20959.53
P0008,2026-01-01,2026-03-31,20875.39
P0008,2026-04-01,2026-06-30,20769.4
P0008,2026-07-01,2026-09-30,20792.97
P0008,2026-10-01,2099-12-31,20750.55
P0009,2024-01-01,2024-03-31,19153.09
P0009,2024-04-01,2024-06-30,19053.28
P0009,2024-07-01,2024-09-30,19052.86
P0009,2024-10-01,2024-12-31,18980.99
P0009,2025-01-01,2025-03-31,18955.59
P0009,2025-04-01,2025-06-30,18774.05
P0009,2025-07-01,2025-09-30,18729.95
P0009,2025-10-01,2025-12-31,18725.43
P0009,2026-01-01,2026-03-31,18621.17
P0009,2026-04-01,2026-06-30,18592.88
P0009,2026-07-01,2026-09-30,18584.37
P0009,2026-10-01,2099-12-31,18493.46
P0010,2024-01-01,2024-03-31,20165.34
P0010,2024-04-01,2024-06-30,20004.34
P0010,2024-07-01,2024-09-30,19745.61
P0010,2024-10-01,2024-12-31,19542.92
P0010,2025-01-01,2025-03-31,19330.42
P0010,2025-04-01,2025-06-30,19108.15
P0010,2025-07-01,2025-09-30,18989.73
P0010,2025-10-01,2025-12-31,18791.1
P0010,2026-01-01,2026-03-31,18492.8
P0010,2026-04-01,2026-06-30,18187.21
P0010,2026-07-01,2026-09-30,17947.74
P0010,2026-10-01,2099-12-31,17761.31
P0011,2024-01-01,2024-03-31,19597.62
P0011,2024-04-01,2024-06-30,19143.4
P0011,2024-07-01,2024-09-30,18692.75
P0011,2024-10-01,2024-12-31,18201.28
P0011,2025-01-01,2025-03-31,17867.48
P0011,2025-04-01,2025-06-30,17506.75
P0011,2025-07-01,2025-09-30,17090.49
P0011,2025-10-01,2025-12-31,16687.51
P0011,2026-01-01,2026-03-31,16376.07
P0011,2026-04-01,2026-06-30,15996.13
P0011,2026-07-01,2026-09-30,15789.72
P0011,2026-10-01,2099-12-31,15465.29
P0012,2024-01-01,2024-03-31,23124.38
P0012,2024-04-01,2024-06-30,22596.57
P0012,2024-07-01,2024-09-30,22137.08
P0012,2024-10-01,2024-12-31,21556.58
P0012,2025-01-01,2025-03-31,21097.02
P0012,2025-04-01,2025-06-30,20634.3
P0012,2025-07-01,2025-09-30,20253.21
P0012,2025-10-01,2025-12-31,19796.85
P0012,2026-01-01,2026-03-31,19276.47
P0012,2026-04-01,2026-06-30,18975.72
P0012,2026-07-01,2026-09-30,18773.28
P0012,2026-10-01,2099-12-31,18488.26
P0013,2024-01-01,2024-03-31,19960.61
P0013,2024-04-01,2024-06-30,19855.53
P0013,2024-07-01,2024-09-30,19783.51
P0013,2024-10-01,2024-12-31,19754.73
P0013,2025-01-01,2025-03-31,19572.41
P0013,2025-04-01,2025-06-30,19382.36
P0013,2025-07-01,2025-09-30,19278.12
P0013,2025-10-01,2025-12-31,19118.19
P0013,2026-01-01,2026-03-31,18981.95
P0013,2026-04-01,2026-06-30,18825.1
P0013,2026-07-01,2026-09-30,18622.8
P0013,2026-10-01,2099-12-31,18467.05
P0014,2024-01-01,2024-03-31,24546.41
P0014,2024-04-01,2024-06-30,24528.83
P0014,2024-07-01,2024-09-30,24515.71
P0014,2024-10-01,2024-12-31,24452.42
P0014,2025-01-01,2025-03-31,24516.71
P0014,2025-04-01,2025-06-30,24454.36
P0014,2025-07-01,2025-09-30,24608.0
P0014,2025-10-01,2025-12-31,24612.3
P0014,2026-01-01,2026-03-31,24719.84
P0014,2026-04-01,2026-06-30,24526.79
P0014,2026-07-01,2026-09-30,24519.08
P0014,2026-10-01,2099-12-31,24474.31
P0015,2024-01-01,2024-03-31,16800.43
P0015,2024-04-01,2024-06-30,16734.77
P0015,2024-07-01,2024-09-30,16753.69
P0015,2024-10-01,2024-12-31,16672.67
P0015,2025-01-01,2025-03-31,16550.75
P0015,2025-04-01,2025-06-30,16461.36
P0015,2025-07-01,2025-09-30,16292.55
P0015,2025-10-01,2025-12-31,16086.64
P0015,2026-01-01,2026-03-31,16034.76
P0015,2026-04-01,2026-06-30,15862.76
P0015,2026-07-01,2026-09-30,15829.95
P0015,2026-10-01,2099-12-31,15809.45
P0016,2024-01-01,2024-03-31,23413.57
P0016,2024-04-01,2024-06-30,23068.41
P0016,2024-07-01,2024-09-30,22897.53
P0016,2024-10-01,2024-12-31,22598.1
P0016,2025-01-01,2025-03-31,22373.42
P0016,2025-04-01,2025-06-30,22097.73
P0016,2025-07-01,2025-09-30,21916.56
P0016,2025-10-01,2025-12-31,21698.67
P0016,2026-01-01,2026-03-31,21460.41
P0016,2026-04-01,2026-06-30,21301.49
P0016,2026-07-01,2026-09-30,20971.9
P0016,2026-10-01,2099-12-31,20793.32
P0017,2024-01-01,2024-03-31,23404.86
P0017,2024-04-01,2024-06-30,23270.38
P0017,2024-07-01,2024-09-30,23248.72
P0017,2024-10-01,2024-12-31,23363.78
P0017,2025-01-01,2025-03-31,23498.42
P0017,2025-04-01,2025-06-30,23627.44
P0017,2025-07-01,2025-09-30,23641.36
P0017,2025-10-01,2025-12-31,23897.78
P0017,2026-01-01,2026-03-31,23909.93
P0017,2026-04-01,2026-06-30,24048.94
P0017,2026-07-01,2026-09-30,24127.58
P0017,2026-10-01,2099-12-31,24182.27
P0018,2024-01-01,2024-03-31,20260.81
P0018,2024-04-01,2024-06-30,19930.84
P0018,2024-07-01,2024-09-30,19603.93
P0018,2024-10-01,2024-12-31,19243.27
P0018,2025-01-01,2025-03-31,19004.83
P0018,2025-04-01,2025-06-30,18838.61
P0018,2025-07-01,2025-09-30,18671.28
P0018,2025-10-01,2025-12-31,18339.96
P0018,2026-01-01,2026-03-31,18275.22
P0018,2026-04-01,2026-06-30,17967.12
P0018,2026-07-01,2026-09-30,17597.85
P0018,2026-10-01,2099-12-31,17394.49
P0019,2024-01-01,2024-03-31,25287.48
P0019,2024-04-01,2024-06-30,25107.61
P0019,2024-07-01,2024-09-30,24917.36
P0019,2024-10-01,2024-12-31,24718.22
P0019,2025-01-01,2025-03-31,24494.11
P0019,2025-04-01,2025-06-30,24269.83
P0019,2025-07-01,2025-09-30,24065.06
P0019,2025-10-01,2025-12-31,23740.71
P0019,2026-01-01,2026-03-31,23468.68
P0019,2026-04-01,2026-06-30,23299.68
P0019,2026-07-01,2026-09-30,23119.37
P0019,2026-10-01,2099-12-31,23014.2
P0020,2024-01-01,2024-03-31,20030.64
P0020,2024-04-01,2024-06-30,20380.8
P0020,2024-07-01,2024-09-30,20573.01
P0020,2024-10-01,2024-12-31,20870.89
P0020,2025-01-01,2025-03-31,21200.33
P0020,2025-04-01,2025-06-30,21413.56
P0020,2025-07-01,2025-09-30,21759.99
P0020,2025-10-01,2025-12-31,22069.68
P0020,2026-01-01,2026-03-31,22358.69
P0020,2026-04-01,2026-06-30,22440.15
P0020,2026-07-01,2026-09-30,22850.06
P0020,2026-10-01,2099-12-31,23162.7
P0021,2024-01-01,2024-03-31,7219.33
P0021,2024-04-01,2024-06-30,7094.97
P0021,2024-07-01,2024-09-30,6998.39
P0021,2024-10-01,2024-12-31,6938.51
P0021,2025-01-01,2025-03-31,6847.78
P0021,2025-04-01,2025-06-30,6792.59
P0021,2025-07-01,2025-09-30,6706.04
P0021,2025-10-01,2025-12-31,6594.9
P0021,2026-01-01,2026-03-31,6513.27
P0021,2026-04-01,2026-06-30,6401.03
P0021,2026-07-01,2026-09-30,6284.91
P0021,2026-10-01,2099-12-31,6191.81
P0022,2024-01-01,2024-03-31,6773.25
P0022,2024-04-01,2024-06-30,6797.29
P0022,2024-07-01,2024-09-30,6775.44
P0022,2024-10-01,2024-12-31,6768.41
P0022,2025-01-01,2025-03-31,6743.65
P0022,2025-04-01,2025-06-30,6751.58
P0022,2025-07-01,2025-09-30,6753.59
P0022,2025-10-01,2025-12-31,6800.69
P0022,2026-01-01,2026-03-31,6802.65
P0022,2026-04-01,2026-06-30,6838.42
P0022,2026-07-01,2026-09-30,6892.89
P0022,2026-10-01,2099-12-31,6908.46
P0023,2024-01-01,2024-03-31,6051.61
P0023,2024-04-01,2024-06-30,6030.87
P0023,2024-07-01,2024-09-30,6015.06
P0023,2024-10-01,2024-12-31,5993.73
P0023,2025-01-01,2025-03-31,6013.58
P0023,2025-04-01,2025-06-30,6024.26
P0023,2025-07-01,2025-09-30,6034.5
P0023,2025-10-01,2025-12-31,6021.33
P0023,2026-01-01,2026-03-31,5991.28
P0023,2026-04-01,2026-06-30,5969.54
P0023,2026-07-01,2026-09-30,5947.75
P0023,2026-10-01,2099-12-31,5966.47
P0024,2024-01-01,2024-03-31,5949.82
P0024,2024-04-01,2024-06-30,5850.11
P0024,2024-07-01,2024-09-30,5771.12
P0024,2024-10-01,2024-12-31,5719.12
P0024,2025-01-01,2025-03-31,5701.44
P0024,2025-04-01,2025-06-30,5650.31
P0024,2025-07-01,2025-09-30,5604.97
P0024,2025-10-01,2025-12-31,5551.41
P0024,2026-01-01,2026-03-31,5480.57
P0024,2026-04-01,2026-06-30,5388.84
P0024,2026-07-01,2026-09-30,5328.74
P0024,2026-10-01,2099-12-31,5280.6
P0025,2024-01-01,2024-03-31,7795.21
P0025,2024-04-01,2024-06-30,7736.12
P0025,2024-07-01,2024-09-30,7648.23
P0025,2024-10-01,2024-12-31,7549.11
P0025,2025-01-01,2025-03-31,7462.4
P0025,2025-04-01,2025-06-30,7418.83
P0025,2025-07-01,2025-09-30,7377.36
P0025,2025-10-01,2025-12-31,7328.53
P0025,2026-01-01,2026-03-31,7301.97
P0025,2026-04-01,2026-06-30,7293.2
P0025,2026-07-01,2026-09-30,7208.26
P0025,2026-10-01,2099-12-31,7123.52
P0026,2024-01-01,2024-03-31,7296.18
P0026,2024-04-01,2024-06-30,7239.5
P0026,2024-07-01,2024-09-30,7212.54
P0026,2024-10-01,2024-12-31,7131.89
P0026,2025-01-01,2025-03-31,7100.1
P0026,2025-04-01,2025-06-30,7064.46
P0026,2025-07-01,2025-09-30,7014.99
P0026,2025-10-01,2025-12-31,6962.09
P0026,2026-01-01,2026-03-31,6910.96
P0026,2026-04-01,2026-06-30,6859.83
P0026,2026-07-01,2026-09-30,6790.19
P0026,2026-10-01,2099-12-31,6797.38
P0027,2024-01-01,2024-03-31,8070.34
P0027,2024-04-01,2024-06-30,8059.04
P0027,2024-07-01,2024-09-30,8001.32
P0027,2024-10-01,2024-12-31,8007.17
P0027,2025-01-01,2025-03-31,7963.88
P0027,2025-04-01,2025-06-30,7978.93
P0027,2025-07-01,2025-09-30,7903.67
P0027,2025-10-01,2025-12-31,7912.9
P0027,2026-01-01,2026-03-31,7911.8
P0027,2026-04-01,2026-06-30,7880.64
P0027,2026-07-01,2026-09-30,7883.02
P0027,2026-10-01,2099-12-31,7854.03
P0028,2024-01-01,2024-03-31,6066.63
P0028,2024-04-01,2024-06-30,6038.7
P0028,2024-07-01,2024-09-30,5966.76
P0028,2024-10-01,2024-12-31,5943.34
P0028,2025-01-01,2025-03-31,5851.37
P0028,2025-04-01,2025-06-30,5815.5
P0028,2025-07-01,2025-09-30,5749.36
P0028,2025-10-01,2025-12-31,5699.76
P0028,2026-01-01,2026-03-31,5655.06
P0028,2026-04-01,2026-06-30,5623.44
P0028,2026-07-01,2026-09-30,5562.12
P0028,2026-10-01,2099-12-31,5505.12
P0029,2024-01-01,2024-03-31,7537.07
P0029,2024-04-01,2024-06-30,7461.95
P0029,2024-07-01,2024-09-30,7454.55
P0029,2024-10-01,2024-12-31,7423.11
P0029,2025-01-01,2025-03-31,7374.17
P0029,2025-04-01,2025-06-30,7387.5
P0029,2025-07-01,2025-09-30,7299.11
P0029,2025-10-01,2025-12-31,7268.54
P0029,2026-01-01,2026-03-31,7209.56
P0029,2026-04-01,2026-06-30,7144.64
P0029,2026-07-01,2026-09-30,7069.11
P0029,2026-10-01,2099-12-31,7015.38
P0030,2024-01-01,2024-03-31,5496.98
P0030,2024-04-01,2024-06-30,5373.53
P0030,2024-07-01,2024-09-30,5281.31
P0030,2024-10-01,2024-12-31,5215.19
P0030,2025-01-01,2025-03-31,5096.85
P0030,2025-04-01,2025-06-30,5012.41
P0030,2025-07-01,2025-09-30,4894.55
P0030,2025-10-01,2025-12-31,4823.4
P0030,2026-01-01,2026-03-31,4744.33
P0030,2026-04-01,2026-06-30,4646.91
P0030,2026-07-01,2026-09-30,4581.79
P0030,2026-10-01,2099-12-31,4508.69
P0031,2024-01-01,2024-03-31,6332.47
P0031,2024-04-01,2024-06-30,6411.17
P0031,2024-07-01,2024-09-30,6451.48
P0031,2024-10-01,2024-12-31,6498.92
P0031,2025-01-01,2025-03-31,6531.79
P0031,2025-04-01,2025-06-30,6616.89
P0031,2025-07-01,2025-09-30,6697.21
P0031,2025-10-01,2025-12-31,6771.44
P0031,2026-01-01,2026-03-31,6856.37
P0031,2026-04-01,2026-06-30,6929.79
P0031,2026-07-01,2026-09-30,7042.81
P0031,2026-10-01,2099-12-31,7073.21
P0032,2024-01-01,2024-03-31,6753.01
P0032,2024-04-01,2024-06-30,6706.74
P0032,2024-07-01,2024-09-30,6597.8
P0032,2024-10-01,2024-12-31,6547.58
P0032,2025-01-01,2025-03-31,6474.55
P0032,2025-04-01,2025-06-30,6380.08
P0032,2025-07-01,2025-09-30,6293.65
P0032,2025-10-01,2025-12-31,6222.7
P0032,2026-01-01,2026-03-31,6151.88
P0032,2026-04-01,2026-06-30,6086.18
P0032,2026-07-01,2026-09-30,5989.7
P0032,2026-10-01,2099-12-31,5889.85
P0033,2024-01-01,2024-03-31,6419.51
P0033,2024-04-01,2024-06-30,6335.11
P0033,2024-07-01,2024-09-30,6267.33
P0033,2024-10-01,2024-12-31,6230.71
P0033,2025-01-01,2025-03-31,6204.53
P0033,2025-04-01,2025-06-30,6111.96
P0033,2025-07-01,2025-09-30,6037.76
P0033,2025-10-01,2025-12-31,5972.99
P0033,2026-01-01,2026-03-31,5878.53
P0033,2026-04-01,2026-06-30,5837.05
P0033,2026-07-01,2026-09-30,5761.45
P0033,2026-10-01,2099-12-31,5665.9
P0034,2024-01-01,2024-03-31,6596.32
P0034,2024-04-01,2024-06-30,6583.78
P0034,2024-07-01,2024-09-30,6574.69
P0034,2024-10-01,2024-12-31,6574.08
P0034,2025-01-01,2025-03-31,6563.33
P0034,2025-04-01,2025-06-30,6531.42
P0034,2025-07-01,2025-09-30,6518.41
P0034,2025-10-01,2025-12-31,6504.27
P0034,2026-01-01,2026-03-31,6542.02
P0034,2026-04-01,2026-06-30,6488.88
P0034,2026-07-01,2026-09-30,6468.74
P0034,2026-10-01,2099-12-31,6470.58
P0035,2024-01-01,2024-03-31,6785.62
P0035,2024-04-01,2024-06-30,6814.51
P0035,2024-07-01,2024-09-30,6865.16
P0035,2024-10-01,2024-12-31,6872.36
P0035,2025-01-01,2025-03-31,6883.55
P0035,2025-04-01,2025-06-30,6944.46
P0035,2025-07-01,2025-09-30,6978.52
P0035,2025-10-01,2025-12-31,7046.67
P0035,2026-01-01,2026-03-31,7084.56
P0035,2026-04-01,2026-06-30,7092.69
P0035,2026-07-01,2026-09-30,7077.05
P0035,2026-10-01,2099-12-31,7092.94
P0036,2024-01-01,2024-03-31,6727.44
P0036,2024-04-01,2024-06-30,6667.03
P0036,2024-07-01,2024-09-30,6578.22
P0036,2024-10-01,2024-12-31,6460.93
P0036,2025-01-01,2025-03-31,6437.35
P0036,2025-04-01,2025-06-30,6327.04
P0036,2025-07-01,2025-09-30,6274.33
P0036,2025-10-01,2025-12-31,6202.0
P0036,2026-01-01,2026-03-31,6141.23
P0036,2026-04-01,2026-06-30,6081.7
P0036,2026-07-01,2026-09-30,6009.9
P0036,2026-10-01,2099-12-31,5950.2
P0037,2024-01-01,2024-03-31,7097.87
P0037,2024-04-01,2024-06-30,7069.96
P0037,2024-07-01,2024-09-30,7025.29
P0037,2024-10-01,2024-12-31,6962.4
P0037,2025-01-01,2025-03-31,6891.85
P0037,2025-04-01,2025-06-30,6823.73
P0037,2025-07-01,2025-09-30,6730.96
P0037,2025-10-01,2025-12-31,6701.44
P0037,2026-01-01,2026-03-31,6626.42
P0037,2026-04-01,2026-06-30,6534.06
P0037,2026-07-01,2026-09-30,6480.67
P0037,2026-10-01,2099-12-31,6414.17
P0038,2024-01-01,2024-03-31,8124.21
P0038,2024-04-01,2024-06-30,8034.77
P0038,2024-07-01,2024-09-30,7943.49
P0038,2024-10-01,2024-12-31,7856.55
P0038,2025-01-01,2025-03-31,7777.37
P0038,2025-04-01,2025-06-30,7717.88
P0038,2025-07-01,2025-09-30,7619.29
P0038,2025-10-01,2025-12-31,7589.36
P0038,2026-01-01,2026-03-31,7516.36
P0038,2026-04-01,2026-06-30,7468.52
P0038,2026-07-01,2026-09-30,7445.03
P0038,2026-10-01,2099-12-31,7429.16
P0039,2024-01-01,2024-03-31,6887.92
P0039,2024-04-01,2024-06-30,6755.2
P0039,2024-07-01,2024-09-30,6630.69
P0039,2024-10-01,2024-12-31,6562.68
P0039,2025-01-01,2025-03-31,6462.32
P0039,2025-04-01,2025-06-30,6386.4
P0039,2025-07-01,2025-09-30,6292.37
P0039,2025-10-01,2025-12-31,6166.38
P0039,2026-01-01,2026-03-31,5985.64
P0039,2026-04-01,2026-06-30,5907.36
P0039,2026-07-01,2026-09-30,5801.16
P0039,2026-10-01,2099-12-31,5751.41
P0040,2024-01-01,2024-03-31,5800.13
P0040,2024-04-01,2024-06-30,5729.79
P0040,2024-07-01,2024-09-30,5629.36
P0040,2024-10-01,2024-12-31,5580.63
P0040,2025-01-01,2025-03-31,5508.17
P0040,2025-04-01,2025-06-30,5477.67
P0040,2025-07-01,2025-09-30,5403.49
P0040,2025-10-01,2025-12-31,5329.18
P0040,2026-01-01,2026-03-31,5242.34
P0040,2026-04-01,2026-06-30,5184.88
P0040,2026-07-01,2026-09-30,5128.21
P0040,2026-10-01,2099-12-31,5091.98
P0041,2024-01-01,2024-03-31,262.23
P0041,2024-04-01,2024-06-30,258.4
P0041,2024-07-01,2024-09-30,254.34
P0041,2024-10-01,2024-12-31,250.03
P0041,2025-01-01,2025-03-31,246.48
P0041,2025-04-01,2025-06-30,243.66
P0041,2025-07-01,2025-09-30,239.36
P0041,2025-10-01,2025-12-31,236.74
P0041,2026-01-01,2026-03-31,233.55
P0041,2026-04-01,2026-06-30,229.34
P0041,2026-07-01,2026-09-30,223.13
P0041,2026-10-01,2099-12-31,219.01
P0042,2024-01-01,2024-03-31,235.78
P0042,2024-04-01,2024-06-30,235.99
P0042,2024-07-01,2024-09-30,236.08
P0042,2024-10-01,2024-12-31,236.39
P0042,2025-01-01,2025-03-31,235.79
P0042,2025-04-01,2025-06-30,235.9
P0042,2025-07-01,2025-09-30,237.64
P0042,2025-10-01,2025-12-31,240.03
P0042,2026-01-01,2026-03-31,239.43
P0042,2026-04-01,2026-06-30,240.61
P0042,2026-07-01,2026-09-30,242.15
P0042,2026-10-01,2099-12-31,241.96
P0043,2024-01-01,2024-03-31,252.15
P0043,2024-04-01,2024-06-30,252.17
P0043,2024-07-01,2024-09-30,252.95
P0043,2024-10-01,2024-12-31,252.75
P0043,2025-01-01,2025-03-31,254.55
P0043,2025-04-01,2025-06-30,255.43
P0043,2025-07-01,2025-09-30,255.26
P0043,2025-10-01,2025-12-31,255.43
P0043,2026-01-01,2026-03-31,256.15
P0043,2026-04-01,2026-06-30,256.98
P0043,2026-07-01,2026-09-30,259.39
P0043,2026-10-01,2099-12-31,259.18
P0044,2024-01-01,2024-03-31,234.59
P0044,2024-04-01,2024-06-30,232.95
P0044,2024-07-01,2024-09-30,230.24
P0044,2024-10-01,2024-12-31,228.6
P0044,2025-01-01,2025-03-31,226.45
P0044,2025-04-01,2025-06-30,223.84
P0044,2025-07-01,2025-09-30,221.07
P0044,2025-10-01,2025-12-31,221.01
P0044,2026-01-01,2026-03-31,218.17
P0044,2026-04-01,2026-06-30,216.75
P0044,2026-07-01,2026-09-30,214.31
P0044,2026-10-01,2099-12-31,211.98
P0045,2024-01-01,2024-03-31,307.14
P0045,2024-04-01,2024-06-30,309.94
P0045,2024-07-01,2024-09-30,310.06
P0045,2024-10-01,2024-12-31,309.84
P0045,2025-01-01,2025-03-31,309.63
P0045,2025-04-01,2025-06-30,310.53
P0045,2025-07-01,2025-09-30,313.14
P0045,2025-10-01,2025-12-31,314.35
P0045,2026-01-01,2026-03-31,316.72
P0045,2026-04-01,2026-06-30,314.82
P0045,2026-07-01,2026-09-30,315.81
P0045,2026-10-01,2099-12-31,316.52
P0046,2024-01-01,2024-03-31,265.99
P0046,2024-04-01,2024-06-30,259.12
P0046,2024-07-01,2024-09-30,254.27
P0046,2024-10-01,2024-12-31,249.52
P0046,2025-01-01,2025-03-31,244.18
P0046,2025-04-01,2025-06-30,239.0
P0046,2025-07-01,2025-09-30,234.14
P0046,2025-10-01,2025-12-31,228.87
P0046,2026-01-01,2026-03-31,225.01
P0046,2026-04-01,2026-06-30,221.58
P0046,2026-07-01,2026-09-30,217.78
P0046,2026-10-01,2099-12-31,213.6
P0047,2024-01-01,2024-03-31,277.63
P0047,2024-04-01,2024-06-30,278.9
P0047,2024-07-01,2024-09-30,279.79
P0047,2024-10-01,2024-12-31,279.92
P0047,2025-01-01,2025-03-31,279.98
P0047,2025-04-01,2025-06-30,281.77
P0047,2025-07-01,2025-09-30,280.73
P0047,2025-10-01,2025-12-31,281.21
P0047,2026-01-01,2026-03-31,282.63
P0047,2026-04-01,2026-06-30,283.7
P0047,2026-07-01,2026-09-30,283.54
P0047,2026-10-01,2099-12-31,283.79
P0048,2024-01-01,2024-03-31,231.3
P0048,2024-04-01,2024-06-30,232.86
P0048,2024-07-01,2024-09-30,233.44
P0048,2024-10-01,2024-12-31,233.12
P0048,2025-01-01,2025-03-31,232.55
P0048,2025-04-01,2025-06-30,233.04
P0048,2025-07-01,2025-09-30,233.28
P0048,2025-10-01,2025-12-31,233.73
P0048,2026-01-01,2026-03-31,233.02
P0048,2026-04-01,2026-06-30,233.98
P0048,2026-07-01,2026-09-30,236.61
P0048,2026-10-01,2099-12-31,237.32
P0049,2024-01-01,2024-03-31,222.21
P0049,2024-04-01,2024-06-30,222.73
P0049,2024-07-01,2024-09-30,222.93
P0049,2024-10-01,2024-12-31,223.36
P0049,2025-01-01,2025-03-31,223.58
P0049,2025-04-01,2025-06-30,223.31
P0049,2025-07-01,2025-09-30,222.01
P0049,2025-10-01,2025-12-31,223.06
P0049,2026-01-01,2026-03-31,223.72
P0049,2026-04-01,2026-06-30,224.17
P0049,2026-07-01,2026-09-30,224.01
P0049,2026-10-01,2099-12-31,225.0
P0050,2024-01-01,2024-03-31,265.57
P0050,2024-04-01,2024-06-30,263.91
P0050,2024-07-01,2024-09-30,263.34
P0050,2024-10-01,2024-12-31,262.61
P0050,2025-01-01,2025-03-31,260.96
P0050,2025-04-01,2025-06-30,258.75
P0050,2025-07-01,2025-09-30,257.73
P0050,2025-10-01,2025-12-31,256.41
P0050,2026-01-01,2026-03-31,254.26
P0050,2026-04-01,2026-06-30,254.22
P0050,2026-07-01,2026-09-30,250.95
P0050,2026-10-01,2099-12-31,249.36
P0051,2024-01-01,2024-03-31,248.47
P0051,2024-04-01,2024-06-30,245.14
P0051,2024-07-01,2024-09-30,243.61
P0051,2024-10-01,2024-12-31,238.65
P0051,2025-01-01,2025-03-31,236.37
P0051,2025-04-01,2025-06-30,233.56
P0051,2025-07-01,2025-09-30,229.91
P0051,2025-10-01,2025-12-31,225.8
P0051,2026-01-01,2026-03-31,222.02
P0051,2026-04-01,2026-06-30,218.69
P0051,2026-07-01,2026-09-30,215.36
P0051,2026-10-01,2099-12-31,213.6
P0052,2024-01-01,2024-03-31,298.27
P0052,2024-04-01,2024-06-30,297.04
P0052,2024-07-01,2024-09-30,296.39
P0052,2024-10-01,2024-12-31,297.9
P0052,2025-01-01,2025-03-31,295.6
P0052,2025-04-01,2025-06-30,296.57
P0052,2025-07-01,2025-09-30,294.26
P0052,2025-10-01,2025-12-31,292.07
P0052,2026-01-01,2026-03-31,291.64
P0052,2026-04-01,2026-06-30,292.18
P0052,2026-07-01,2026-09-30,291.43
P0052,2026-10-01,2099-12-31,291.67
P0053,2024-01-01,2024-03-31,222.66
P0053,2024-04-01,2024-06-30,218.93
P0053,2024-07-01,2024-09-30,215.77
P0053,2024-10-01,2024-12-31,212.83
P0053,2025-01-01,2025-03-31,208.51
P0053,2025-04-01,2025-06-30,205.56
P0053,2025-07-01,2025-09-30,200.03
P0053,2025-10-01,2025-12-31,195.53
P0053,2026-01-01,2026-03-31,191.89
P0053,2026-04-01,2026-06-30,186.77
P0053,2026-07-01,2026-09-30,182.91
P0053,2026-10-01,2099-12-31,180.02
P0054,2024-01-01,2024-03-31,246.07
P0054,2024-04-01,2024-06-30,243.27
P0054,2024-07-01,2024-09-30,242.65
P0054,2024-10-01,2024-12-31,240.14
P0054,2025-01-01,2025-03-31,237.54
P0054,2025-04-01,2025-06-30,236.74
P0054,2025-07-01,2025-09-30,236.08
P0054,2025-10-01,2025-12-31,234.43
P0054,2026-01-01,2026-03-31,231.8
P0054,2026-04-01,2026-06-30,229.48
P0054,2026-07-01,2026-09-30,227.81
P0054,2026-10-01,2099-12-31,227.47
P0055,2024-01-01,2024-03-31,238.08
P0055,2024-04-01,2024-06-30,234.23
P0055,2024-07-01,2024-09-30,231.05
P0055,2024-10-01,2024-12-31,226.45
P0055,2025-01-01,2025-03-31,222.54
P0055,2025-04-01,2025-06-30,220.48
P0055,2025-07-01,2025-09-30,217.54
P0055,2025-10-01,2025-12-31,214.32
P0055,2026-01-01,2026-03-31,211.5
P0055,2026-04-01,2026-06-30,208.25
P0055,2026-07-01,2026-09-30,205.43
P0055,2026-10-01,2099-12-31,202.78
P0056,2024-01-01,2024-03-31,274.93
P0056,2024-04-01,2024-06-30,274.27
P0056,2024-07-01,2024-09-30,273.62
P0056,2024-10-01,2024-12-31,271.41
P0056,2025-01-01,2025-03-31,270.18
P0056,2025-04-01,2025-06-30,268.91
P0056,2025-07-01,2025-09-30,266.77
P0056,2025-10-01,2025-12-31,266.83
P0056,2026-01-01,2026-03-31,267.29
P0056,2026-04-01,2026-06-30,266.72
P0056,2026-07-01,2026-09-30,265.99
P0056,2026-10-01,2099-12-31,266.44
P0057,2024-01-01,2024-03-31,251.04
P0057,2024-04-01,2024-06-30,250.91
P0057,2024-07-01,2024-09-30,251.06
P0057,2024-10-01,2024-12-31,250.09
P0057,2025-01-01,2025-03-31,250.13
P0057,2025-04-01,2025-06-30,250.21
P0057,2025-07-01,2025-09-30,249.03
P0057,2025-10-01,2025-12-31,249.37
P0057,2026-01-01,2026-03-31,251.11
P0057,2026-04-01,2026-06-30,252.35
P0057,2026-07-01,2026-09-30,252.03
P0057,2026-10-01,2099-12-31,250.47
P0058,2024-01-01,2024-03-31,254.95
P0058,2024-04-01,2024-06-30,252.0
P0058,2024-07-01,2024-09-30,247.03
P0058,2024-10-01,2024-12-31,244.32
P0058,2025-01-01,2025-03-31,241.17
P0058,2025-04-01,2025-06-30,237.53
P0058,2025-07-01,2025-09-30,234.96
P0058,2025-10-01,2025-12-31,231.99
P0058,2026-01-01,2026-03-31,229.35
P0058,2026-04-01,2026-06-30,226.49
P0058,2026-07-01,2026-09-30,223.64
P0058,2026-10-01,2099-12-31,219.75
P0059,2024-01-01,2024-03-31,232.4
P0059,2024-04-01,2024-06-30,228.54
P0059,2024-07-01,2024-09-30,226.26
P0059,2024-10-01,2024-12-31,223.37
P0059,2025-01-01,2025-03-31,220.84
P0059,2025-04-01,2025-06-30,218.63
P0059,2025-07-01,2025-09-30,215.26
P0059,2025-10-01,2025-12-31,212.65
P0059,2026-01-01,2026-03-31,211.65
P0059,2026-04-01,2026-06-30,208.58
P0059,2026-07-01,2026-09-30,207.02
P0059,2026-10-01,2099-12-31,204.91
P0060,2024-01-01,2024-03-31,256.52
P0060,2024-04-01,2024-06-30,259.29
P0060,2024-07-01,2024-09-30,262.33
P0060,2024-10-01,2024-12-31,263.26
P0060,2025-01-01,2025-03-31,265.5
P0060,2025-04-01,2025-06-30,270.65
P0060,2025-07-01,2025-09-30,273.63
P0060,2025-10-01,2025-12-31,278.86
P0060,2026-01-01,2026-03-31,282.15
P0060,2026-04-01,2026-06-30,284.5
P0060,2026-07-01,2026-09-30,288.13
P0060,2026-10-01,2099-12-31,291.2
P0061,2024-01-01,2024-03-31,4646.55
P0061,2024-04-01,2024-06-30,4573.41
P0061,2024-07-01,2024-09-30,4509.81
P0061,2024-10-01,2024-12-31,4484.0
P0061,2025-01-01,2025-03-31,4417.79
P0061,2025-04-01,2025-06-30,4323.02
P0061,2025-07-01,2025-09-30,4259.64
P0061,2025-10-01,2025-12-31,4205.9
P0061,2026-01-01,2026-03-31,4172.13
P0061,2026-04-01,2026-06-30,4094.75
P0061,2026-07-01,2026-09-30,4023.99
P0061,2026-10-01,2099-12-31,3923.85
P0062,2024-01-01,2024-03-31,4578.32
P0062,2024-04-01,2024-06-30,4572.27
P0062,2024-07-01,2024-09-30,4555.15
P0062,2024-10-01,2024-12-31,4552.22
P0062,2025-01-01,2025-03-31,4559.12
P0062,2025-04-01,2025-06-30,4529.12
P0062,2025-07-01,2025-09-30,4534.74
P0062,2025-10-01,2025-12-31,4516.53
P0062,2026-01-01,2026-03-31,4479.4
P0062,2026-04-01,2026-06-30,4460.84
P0062,2026-07-01,2026-09-30,4467.21
P0062,2026-10-01,2099-12-31,4442.53
P0063,2024-01-01,2024-03-31,4454.67
P0063,2024-04-01,2024-06-30,4456.22
P0063,2024-07-01,2024-09-30,4440.04
P0063,2024-10-01,2024-12-31,4427.81
P0063,2025-01-01,2025-03-31,4433.08
P0063,2025-04-01,2025-06-30,4434.19
P0063,2025-07-01,2025-09-30,4465.36
P0063,2025-10-01,2025-12-31,4471.71
P0063,2026-01-01,2026-03-31,4482.64
P0063,2026-04-01,2026-06-30,4456.46
P0063,2026-07-01,2026-09-30,4461.18
P0063,2026-10-01,2099-12-31,4477.3
P0064,2024-01-01,2024-03-31,4568.46
P0064,2024-04-01,2024-06-30,4493.43
P0064,2024-07-01,2024-09-30,4421.67
P0064,2024-10-01,2024-12-31,4360.3
P0064,2025-01-01,2025-03-31,4282.07
P0064,2025-04-01,2025-06-30,4192.79
P0064,2025-07-01,2025-09-30,4121.16
P0064,2025-10-01,2025-12-31,4076.53
P0064,2026-01-01,2026-03-31,3980.18
P0064,2026-04-01,2026-06-30,3942.72
P0064,2026-07-01,2026-09-30,3862.25
P0064,2026-10-01,2099-12-31,3827.27
P0065,2024-01-01,2024-03-31,4193.88
P0065,2024-04-01,2024-06-30,4264.52
P0065,2024-07-01,2024-09-30,4345.35
P0065,2024-10-01,2024-12-31,4405.48
P0065,2025-01-01,2025-03-31,4476.57
P0065,2025-04-01,2025-06-30,4546.36
P0065,2025-07-01,2025-09-30,4645.5
P0065,2025-10-01,2025-12-31,4709.72
P0065,2026-01-01,2026-03-31,4773.43
P0065,2026-04-01,2026-06-30,4846.29
P0065,2026-07-01,2026-09-30,4909.13
P0065,2026-10-01,2099-12-31,4976.6
P0066,2024-01-01,2024-03-31,4760.21
P0066,2024-04-01,2024-06-30,4825.7
P0066,2024-07-01,2024-09-30,4903.4
P0066,2024-10-01,2024-12-31,4968.67
P0066,2025-01-01,2025-03-31,4997.93
P0066,2025-04-01,2025-06-30,5028.61
P0066,2025-07-01,2025-09-30,5099.92
P0066,2025-10-01,2025-12-31,5173.67
P0066,2026-01-01,2026-03-31,5236.89
P0066,2026-04-01,2026-06-30,5281.59
P0066,2026-07-01,2026-09-30,5409.28
P0066,2026-10-01,2099-12-31,5468.38
P0067,2024-01-01,2024-03-31,5011.17
P0067,2024-04-01,2024-06-30,5056.58
P0067,2024-07-01,2024-09-30,5114.55
P0067,2024-10-01,2024-12-31,5174.81
P0067,2025-01-01,2025-03-31,5264.61
P0067,2025-04-01,2025-06-30,5340.98
P0067,2025-07-01,2025-09-30,5405.24
P0067,2025-10-01,2025-12-31,5485.82
P0067,2026-01-01,2026-03-31,5554.46
P0067,2026-04-01,2026-06-30,5653.22
P0067,2026-07-01,2026-09-30,5738.76
P0067,2026-10-01,2099-12-31,5802.77
P0068,2024-01-01,2024-03-31,4532.09
P0068,2024-04-01,2024-06-30,4446.51
P0068,2024-07-01,2024-09-30,4408.94
P0068,2024-10-01,2024-12-31,4314.98
P0068,2025-01-01,2025-03-31,4228.57
P0068,2025-04-01,2025-06-30,4153.02
P0068,2025-07-01,2025-09-30,4082.91
P0068,2025-10-01,2025-12-31,3994.49
P0068,2026-01-01,2026-03-31,3936.67
P0068,2026-04-01,2026-06-30,3873.04
P0068,2026-07-01,2026-09-30,3836.64
P0068,2026-10-01,2099-12-31,3759.99
P0069,2024-01-01,2024-03-31,4281.0
P0069,2024-04-01,2024-06-30,4240.17
P0069,2024-07-01,2024-09-30,4176.61
P0069,2024-10-01,2024-12-31,4161.17
P0069,2025-01-01,2025-03-31,4117.05
P0069,2025-04-01,2025-06-30,4060.2
P0069,2025-07-01,2025-09-30,4018.32
P0069,2025-10-01,2025-12-31,3977.12
P0069,2026-01-01,2026-03-31,3927.37
P0069,2026-04-01,2026-06-30,3873.47
P0069,2026-07-01,2026-09-30,3817.62
P0069,2026-10-01,2099-12-31,3772.45
P0070,2024-01-01,2024-03-31,5653.21
P0070,2024-04-01,2024-06-30,5646.08
P0070,2024-07-01,2024-09-30,5654.02
P0070,2024-10-01,2024-12-31,5686.3
P0070,2025-01-01,2025-03-31,5666.9
P0070,2025-04-01,2025-06-30,5650.77
P0070,2025-07-01,2025-09-30,5633.31
P0070,2025-10-01,2025-12-31,5616.98
P0070,2026-01-01,2026-03-31,5616.5
P0070,2026-04-01,2026-06-30,5650.09
P0070,2026-07-01,2026-09-30,5645.29
P0070,2026-10-01,2099-12-31,5678.02
P0071,2024-01-01,2024-03-31,4808.69
P0071,2024-04-01,2024-06-30,4904.94
P0071,2024-07-01,2024-09-30,4978.1
P0071,2024-10-01,2024-12-31,5056.77
P0071,2025-01-01,2025-03-31,5153.5
P0071,2025-04-01,2025-06-30,5228.59
P0071,2025-07-01,2025-09-30,5285.89
P0071,2025-10-01,2025-12-31,5355.79
P0071,2026-01-01,2026-03-31,5435.59
P0071,2026-04-01,2026-06-30,5530.84
P0071,2026-07-01,2026-09-30,5617.18
P0071,2026-10-01,2099-12-31,5673.49
P0072,2024-01-01,2024-03-31,4476.21
P0072,2024-04-01,2024-06-30,4401.32
P0072,2024-07-01,2024-09-30,4293.27
P0072,2024-10-01,2024-12-31,4237.15
P0072,2025-01-01,2025-03-31,4152.33
P0072,2025-04-01,2025-06-30,4075.25
P0072,2025-07-01,2025-09-30,3992.52
P0072,2025-10-01,2025-12-31,3915.77
P0072,2026-01-01,2026-03-31,3831.67
P0072,2026-04-01,2026-06-30,3758.91
P0072,2026-07-01,2026-09-30,3714.87
P0072,2026-10-01,2099-12-31,3672.42
P0073,2024-01-01,2024-03-31,5002.68
P0073,2024-04-01,2024-06-30,5063.52
P0073,2024-07-01,2024-09-30,5103.29
P0073,2024-10-01,2024-12-31,5182.08
P0073,2025-01-01,2025-03-31,5263.65
P0073,2025-04-01,2025-06-30,5280.62
P0073,2025-07-01,2025-09-30,5325.33
P0073,2025-10-01,2025-12-31,5390.07
P0073,2026-01-01,2026-03-31,5448.21
P0073,2026-04-01,2026-06-30,5552.61
P0073,2026-07-01,2026-09-30,5648.16
P0073,2026-10-01,2099-12-31,5712.78
P0074,2024-01-01,2024-03-31,4937.17
P0074,2024-04-01,2024-06-30,4879.8
P0074,2024-07-01,2024-09-30,4796.85
P0074,2024-10-01,2024-12-31,4723.99
P0074,2025-01-01,2025-03-31,4635.01
P0074,2025-04-01,2025-06-30,4566.82
P0074,2025-07-01,2025-09-30,4507.18
P0074,2025-10-01,2025-12-31,4464.19
P0074,2026-01-01,2026-03-31,4384.93
P0074,2026-04-01,2026-06-30,4307.96
P0074,2026-07-01,2026-09-30,4239.49
P0074,2026-10-01,2099-12-31,4206.57
P0075,2024-01-01,2024-03-31,4529.96
P0075,2024-04-01,2024-06-30,4529.19
P0075,2024-07-01,2024-09-30,4540.63
P0075,2024-10-01,2024-12-31,4521.7
P0075,2025-01-01,2025-03-31,4502.56
P0075,2025-04-01,2025-06-30,4488.92
P0075,2025-07-01,2025-09-30,4466.6
P0075,2025-10-01,2025-12-31,4474.23
P0075,2026-01-01,2026-03-31,4467.21
P0075,2026-04-01,2026-06-30,4457.66
P0075,2026-07-01,2026-09-30,4478.08
P0075,2026-10-01,2099-12-31,4478.45
P0076,2024-01-01,2024-03-31,3869.94
P0076,2024-04-01,2024-06-30,3864.47
P0076,2024-07-01,2024-09-30,3856.03
P0076,2024-10-01,2024-12-31,3842.28
P0076,2025-01-01,2025-03-31,3828.3
P0076,2025-04-01,2025-06-30,3830.0
P0076,2025-07-01,2025-09-30,3805.67
P0076,2025-10-01,2025-12-31,3817.16
P0076,2026-01-01,2026-03-31,3812.75
P0076,2026-04-01,2026-06-30,3804.61
P0076,2026-07-01,2026-09-30,3789.43
P0076,2026-10-01,2099-12-31,3771.58
P0077,2024-01-01,2024-03-31,3983.74
P0077,2024-04-01,2024-06-30,3969.88
P0077,2024-07-01,2024-09-30,3938.19
P0077,2024-10-01,2024-12-31,3924.94
P0077,2025-01-01,2025-03-31,3940.84
P0077,2025-04-01,2025-06-30,3945.58
P0077,2025-07-01,2025-09-30,3937.42
P0077,2025-10-01,2025-12-31,3937.51
P0077,2026-01-01,2026-03-31,3937.04
P0077,2026-04-01,2026-06-30,3935.65
P0077,2026-07-01,2026-09-30,3917.98
P0077,2026-10-01,2099-12-31,3913.47
P0078,2024-01-01,2024-03-31,4222.36
P0078,2024-04-01,2024-06-30,4254.46
P0078,2024-07-01,2024-09-30,4249.27
P0078,2024-10-01,2024-12-31,4255.37
P0078,2025-01-01,2025-03-31,4273.15
P0078,2025-04-01,2025-06-30,4295.26
P0078,2025-07-01,2025-09-30,4297.82
P0078,2025-10-01,2025-12-31,4296.75
P0078,2026-01-01,2026-03-31,4281.93
P0078,2026-04-01,2026-06-30,4289.89
P0078,2026-07-01,2026-09-30,4318.22
P0078,2026-10-01,2099-12-31,4315.16
P0079,2024-01-01,2024-03-31,4200.11
P0079,2024-04-01,2024-06-30,4105.74
P0079,2024-07-01,2024-09-30,4009.67
P0079,2024-10-01,2024-12-31,3914.13
P0079,2025-01-01,2025-03-31,3850.02
P0079,2025-04-01,2025-06-30,3794.85
P0079,2025-07-01,2025-09-30,3727.45
P0079,2025-10-01,2025-12-31,3625.78
P0079,2026-01-01,2026-03-31,3546.25
P0079,2026-04-01,2026-06-30,3457.6
P0079,2026-07-01,2026-09-30,3372.94
P0079,2026-10-01,2099-12-31,3302.11
P0080,2024-01-01,2024-03-31,5423.64
P0080,2024-04-01,2024-06-30,5356.26
P0080,2024-07-01,2024-09-30,5321.2
P0080,2024-10-01,2024-12-31,5250.25
P0080,2025-01-01,2025-03-31,5193.24
P0080,2025-04-01,2025-06-30,5114.51
P0080,2025-07-01,2025-09-30,5048.46
P0080,2025-10-01,2025-12-31,4971.37
P0080,2026-01-01,2026-03-31,4942.5
P0080,2026-04-01,2026-06-30,4906.67
P0080,2026-07-01,2026-09-30,4896.74
P0080,2026-10-01,2099-12-31,4851.14
P0081,2024-01-01,2024-03-31,24336.65
P0081,2024-04-01,2024-06-30,24256.81
P0081,2024-07-01,2024-09-30,24206.48
P0081,2024-10-01,2024-12-31,24239.05
P0081,2025-01-01,2025-03-31,24255.99
P0081,2025-04-01,2025-06-30,24372.14
P0081,2025-07-01,2025-09-30,24566.41
P0081,2025-10-01,2025-12-31,24496.88
P0081,2026-01-01,2026-03-31,24540.29
P0081,2026-04-01,2026-06-30,24517.07
P0081,2026-07-01,2026-09-30,24593.65
P0081,2026-10-01,2099-12-31,24466.95
P0082,2024-01-01,2024-03-31,27419.41
P0082,2024-04-01,2024-06-30,27530.05
P0082,2024-07-01,2024-09-30,27314.32
P0082,2024-10-01,2024-12-31,27344.77
P0082,2025-01-01,2025-03-31,27346.4
P0082,2025-04-01,2025-06-30,27457.54
P0082,2025-07-01,2025-09-30,27489.05
P0082,2025-10-01,2025-12-31,27348.85
P0082,2026-01-01,2026-03-31,27269.36
P0082,2026-04-01,2026-06-30,27224.23
P0082,2026-07-01,2026-09-30,27245.36
P0082,2026-10-01,2099-12-31,27168.34
P0083,2024-01-01,2024-03-31,26425.07
P0083,2024-04-01,2024-06-30,26240.01
P0083,2024-07-01,2024-09-30,26135.59
P0083,2024-10-01,2024-12-31,26168.67
P0083,2025-01-01,2025-03-31,26336.38
P0083,2025-04-01,2025-06-30,26285.77
P0083,2025-07-01,2025-09-30,26211.35
P0083,2025-10-01,2025-12-31,26393.17
P0083,2026-01-01,2026-03-31,26336.47
P0083,2026-04-01,2026-06-30,26404.17
P0083,2026-07-01,2026-09-30,26417.48
P0083,2026-10-01,2099-12-31,26468.51
P0084,2024-01-01,2024-03-31,30021.18
P0084,2024-04-01,2024-06-30,29572.54
P0084,2024-07-01,2024-09-30,29748.49
P0084,2024-10-01,2024-12-31,29530.25
P0084,2025-01-01,2025-03-31,29491.56
P0084,2025-04-01,2025-06-30,29524.86
P0084,2025-07-01,2025-09-30,29327.12
P0084,2025-10-01,2025-12-31,29209.91
P0084,2026-01-01,2026-03-31,29287.99
P0084,2026-04-01,2026-06-30,29195.46
P0084,2026-07-01,2026-09-30,29222.03
P0084,2026-10-01,2099-12-31,28946.82
P0085,2024-01-01,2024-03-31,26543.6
P0085,2024-04-01,2024-06-30,26306.49
P0085,2024-07-01,2024-09-30,26095.97
P0085,2024-10-01,2024-12-31,25873.92
P0085,2025-01-01,2025-03-31,25533.56
P0085,2025-04-01,2025-06-30,25150.4
P0085,2025-07-01,2025-09-30,24983.93
P0085,2025-10-01,2025-12-31,24699.43
P0085,2026-01-01,2026-03-31,24481.49
P0085,2026-04-01,2026-06-30,24207.52
P0085,2026-07-01,2026-09-30,23904.49
P0085,2026-10-01,2099-12-31,23562.69
P0086,2024-01-01,2024-03-31,29911.69
P0086,2024-04-01,2024-06-30,29723.81
P0086,2024-07-01,2024-09-30,29362.53
P0086,2024-10-01,2024-12-31,29008.13
P0086,2025-01-01,2025-03-31,28803.19
P0086,2025-04-01,2025-06-30,28513.86
P0086,2025-07-01,2025-09-30,28128.77
P0086,2025-10-01,2025-12-31,27849.93
P0086,2026-01-01,2026-03-31,27582.62
P0086,2026-04-01,2026-06-30,27482.2
P0086,2026-07-01,2026-09-30,27542.55
P0086,2026-10-01,2099-12-31,27450.57
P0087,2024-01-01,2024-03-31,24212.1
P0087,2024-04-01,2024-06-30,24017.91
P0087,2024-07-01,2024-09-30,23807.63
P0087,2024-10-01,2024-12-31,23313.43
P0087,2025-01-01,2025-03-31,22920.47
P0087,2025-04-01,2025-06-30,22579.33
P0087,2025-07-01,2025-09-30,22072.97
P0087,2025-10-01,2025-12-31,21800.66
P0087,2026-01-01,2026-03-31,21473.23
P0087,2026-04-01,2026-06-30,21212.5
P0087,2026-07-01,2026-09-30,20774.35
P0087,2026-10-01,2099-12-31,20376.97
P0088,2024-01-01,2024-03-31,27562.51
P0088,2024-04-01,2024-06-30,27716.37
P0088,2024-07-01,2024-09-30,27795.8
P0088,2024-10-01,2024-12-31,28048.58
P0088,2025-01-01,2025-03-31,27958.72
P0088,2025-04-01,2025-06-30,27901.85
P0088,2025-07-01,2025-09-30,28022.52
P0088,2025-10-01,2025-12-31,27967.04
P0088,2026-01-01,2026-03-31,28153.97
P0088,2026-04-01,2026-06-30,28154.28
P0088,2026-07-01,2026-09-30,28057.28
P0088,2026-10-01,2099-12-31,28075.89
P0089,2024-01-01,2024-03-31,25429.08
P0089,2024-04-01,2024-06-30,25822.45
P0089,2024-07-01,2024-09-30,26320.97
P0089,2024-10-01,2024-12-31,26710.13
P0089,2025-01-01,2025-03-31,27413.43
P0089,2025-04-01,2025-06-30,28067.79
P0089,2025-07-01,2025-09-30,28673.6
P0089,2025-10-01,2025-12-31,29184.86
P0089,2026-01-01,2026-03-31,29662.21
P0089,2026-04-01,2026-06-30,30099.02
P0089,2026-07-01,2026-09-30,30562.53
P0089,2026-10-01,2099-12-31,31209.01
P0090,2024-01-01,2024-03-31,26765.95
P0090,2024-04-01,2024-06-30,27303.24
P0090,2024-07-01,2024-09-30,27825.04
P0090,2024-10-01,2024-12-31,28284.62
P0090,2025-01-01,2025-03-31,28899.08
P0090,2025-04-01,2025-06-30,29213.3
P0090,2025-07-01,2025-09-30,29685.73
P0090,2025-10-01,2025-12-31,30082.72
P0090,2026-01-01,2026-03-31,30554.65
P0090,2026-04-01,2026-06-30,31144.71
P0090,2026-07-01,2026-09-30,31661.38
P0090,2026-10-01,2099-12-31,31954.9
P0091,2024-01-01,2024-03-31,26051.9
P0091,2024-04-01,2024-06-30,25920.71
P0091,2024-07-01,2024-09-30,25884.47
P0091,2024-10-01,2024-12-31,25770.27
P0091,2025-01-01,2025-03-31,25708.32
P0091,2025-04-01,2025-06-30,25552.42
P0091,2025-07-01,2025-09-30,25432.97
P0091,2025-10-01,2025-12-31,25564.09
P0091,2026-01-01,2026-03-31,25517.43
P0091,2026-04-01,2026-06-30,25432.18
P0091,2026-07-01,2026-09-30,25345.08
P0091,2026-10-01,2099-12-31,25378.31
P0092,2024-01-01,2024-03-31,28659.75
P0092,2024-04-01,2024-06-30,28822.66
P0092,2024-07-01,2024-09-30,28819.96
P0092,2024-10-01,2024-12-31,28833.11
P0092,2025-01-01,2025-03-31,28986.55
P0092,2025-04-01,2025-06-30,28749.96
P0092,2025-07-01,2025-09-30,28865.12
P0092,2025-10-01,2025-12-31,28926.04
P0092,2026-01-01,2026-03-31,28887.81
P0092,2026-04-01,2026-06-30,28832.01
P0092,2026-07-01,2026-09-30,28723.38
P0092,2026-10-01,2099-12-31,28851.45
P0093,2024-01-01,2024-03-31,27997.31
P0093,2024-04-01,2024-06-30,27930.9
P0093,2024-07-01,2024-09-30,28008.3
P0093,2024-10-01,2024-12-31,27927.78
P0093,2025-01-01,2025-03-31,27888.57
P0093,2025-04-01,2025-06-30,27947.1
P0093,2025-07-01,2025-09-30,28042.83
P0093,2025-10-01,2025-12-31,28041.75
P0093,2026-01-01,2026-03-31,27870.89
P0093,2026-04-01,2026-06-30,27924.3
P0093,2026-07-01,2026-09-30,27940.89
P0093,2026-10-01,2099-12-31,27992.19
P0094,2024-01-01,2024-03-31,30954.99
P0094,2024-04-01,2024-06-30,30494.1
P0094,2024-07-01,2024-09-30,30044.3
P0094,2024-10-01,2024-12-31,29548.73
P0094,2025-01-01,2025-03-31,28970.84
P0094,2025-04-01,2025-06-30,28452.14
P0094,2025-07-01,2025-09-30,28018.35
P0094,2025-10-01,2025-12-31,27912.6
P0094,2026-01-01,2026-03-31,27506.82
P0094,2026-04-01,2026-06-30,27001.25
P0094,2026-07-01,2026-09-30,26570.62
P0094,2026-10-01,2099-12-31,26089.46
P0095,2024-01-01,2024-03-31,27474.03
P0095,2024-04-01,2024-06-30,27101.85
P0095,2024-07-01,2024-09-30,26928.06
P0095,2024-10-01,2024-12-31,26663.4
P0095,2025-01-01,2025-03-31,26304.42
P0095,2025-04-01,2025-06-30,25934.54
P0095,2025-07-01,2025-09-30,25578.82
P0095,2025-10-01,2025-12-31,25273.99
P0095,2026-01-01,2026-03-31,24941.81
P0095,2026-04-01,2026-06-30,24752.74
P0095,2026-07-01,2026-09-30,24523.83
P0095,2026-10-01,2099-12-31,24095.46
P0096,2024-01-01,2024-03-31,23816.06
P0096,2024-04-01,2024-06-30,24093.65
P0096,2024-07-01,2024-09-30,24528.79
P0096,2024-10-01,2024-12-31,24789.1
P0096,2025-01-01,2025-03-31,25183.64
P0096,2025-04-01,2025-06-30,25686.38
P0096,2025-07-01,2025-09-30,26084.19
P0096,2025-10-01,2025-12-31,26554.18
P0096,2026-01-01,2026-03-31,27027.07
P0096,2026-04-01,2026-06-30,27442.58
P0096,2026-07-01,2026-09-30,27848.51
P0096,2026-10-01,2099-12-31,28246.37
P0097,2024-01-01,2024-03-31,27048.79
P0097,2024-04-01,2024-06-30,26938.49
P0097,2024-07-01,2024-09-30,26907.42
P0097,2024-10-01,2024-12-31,26755.17
P0097,2025-01-01,2025-03-31,26758.04
P0097,2025-04-01,2025-06-30,26734.75
P0097,2025-07-01,2025-09-30,26763.69
P0097,2025-10-01,2025-12-31,26772.93
P0097,2026-01-01,2026-03-31,26807.12
P0097,2026-04-01,2026-06-30,26790.15
P0097,2026-07-01,2026-09-30,26776.54
P0097,2026-10-01,2099-12-31,26791.72
P0098,2024-01-01,2024-03-31,26702.38
P0098,2024-04-01,2024-06-30,26581.48
P0098,2024-07-01,2024-09-30,26511.23
P0098,2024-10-01,2024-12-31,26617.81
P0098,2025-01-01,2025-03-31,26506.07
P0098,2025-04-01,2025-06-30,26500.28
P0098,2025-07-01,2025-09-30,26274.31
P0098,2025-10-01,2025-12-31,26147.23
P0098,2026-01-01,2026-03-31,25854.82
P0098,2026-04-01,2026-06-30,25671.76
P0098,2026-07-01,2026-09-30,25483.67
P0098,2026-10-01,2099-12-31,25397.69
P0099,2024-01-01,2024-03-31,31402.08
P0099,2024-04-01,2024-06-30,30803.63
P0099,2024-07-01,2024-09-30,30588.51
P0099,2024-10-01,2024-12-31,30207.02
P0099,2025-01-01,2025-03-31,29823.93
P0099,2025-04-01,2025-06-30,29271.68
P0099,2025-07-01,2025-09-30,28842.3
P0099,2025-10-01,2025-12-31,28478.24
P0099,2026-01-01,2026-03-31,27761.95
P0099,2026-04-01,2026-06-30,27284.71
P0099,2026-07-01,2026-09-30,26944.28
P0099,2026-10-01,2099-12-31,26497.01
P0100,2024-01-01,2024-03-31,31833.35
P0100,2024-04-01,2024-06-30,31751.29
P0100,2024-07-01,2024-09-30,31602.28
P0100,2024-10-01,2024-12-31,31544.56
P0100,2025-01-01,2025-03-31,31680.76
P0100,2025-04-01,2025-06-30,31702.79
P0100,2025-07-01,2025-09-30,31842.68
P0100,2025-10-01,2025-12-31,31830.04
P0100,2026-01-01,2026-03-31,31627.43
P0100,2026-04-01,2026-06-30,31546.77
P0100,2026-07-01,2026-09-30,31319.86
P0100,2026-10-01,2099-12-31,31436.73
P0101,2024-01-01,2024-03-31,1516.43
P0101,2024-04-01,2024-06-30,1505.75
P0101,2024-07-01,2024-09-30,1488.96
P0101,2024-10-01,2024-12-31,1471.56
P0101,2025-01-01,2025-03-31,1462.11
P0101,2025-04-01,2025-06-30,1447.19
P0101,2025-07-01,2025-09-30,1433.84
P0101,2025-10-01,2025-12-31,1430.14
P0101,2026-01-01,2026-03-31,1422.82
P0101,2026-04-01,2026-06-30,1408.68
P0101,2026-07-01,2026-09-30,1392.79
P0101,2026-10-01,2099-12-31,1374.97
P0102,2024-01-01,2024-03-31,1167.45
P0102,2024-04-01,2024-06-30,1145.21
P0102,2024-07-01,2024-09-30,1133.37
P0102,2024-10-01,2024-12-31,1115.68
P0102,2025-01-01,2025-03-31,1093.34
P0102,2025-04-01,2025-06-30,1067.64
P0102,2025-07-01,2025-09-30,1043.57
P0102,2025-10-01,2025-12-31,1024.01
P0102,2026-01-01,2026-03-31,999.04
P0102,2026-04-01,2026-06-30,978.71
P0102,2026-07-01,2026-09-30,962.81
P0102,2026-10-01,2099-12-31,943.75
P0103,2024-01-01,2024-03-31,1365.77
P0103,2024-04-01,2024-06-30,1348.44
P0103,2024-07-01,2024-09-30,1338.94
P0103,2024-10-01,2024-12-31,1331.36
P0103,2025-01-01,2025-03-31,1323.43
P0103,2025-04-01,2025-06-30,1309.36
P0103,2025-07-01,2025-09-30,1302.03
P0103,2025-10-01,2025-12-31,1290.77
P0103,2026-01-01,2026-03-31,1285.91
P0103,2026-04-01,2026-06-30,1280.91
P0103,2026-07-01,2026-09-30,1272.58
P0103,2026-10-01,2099-12-31,1269.81
P0104,2024-01-01,2024-03-31,1095.45
P0104,2024-04-01,2024-06-30,1100.11
P0104,2024-07-01,2024-09-30,1098.86
P0104,2024-10-01,2024-12-31,1094.58
P0104,2025-01-01,2025-03-31,1092.67
P0104,2025-04-01,2025-06-30,1095.89
P0104,2025-07-01,2025-09-30,1102.32
P0104,2025-10-01,2025-12-31,1100.89
P0104,2026-01-01,2026-03-31,1099.47
P0104,2026-04-01,2026-06-30,1104.6
P0104,2026-07-01,2026-09-30,1108.49
P0104,2026-10-01,2099-12-31,1110.02
P0105,2024-01-01,2024-03-31,1190.28
P0105,2024-04-01,2024-06-30,1221.95
P0105,2024-07-01,2024-09-30,1241.31
P0105,2024-10-01,2024-12-31,1262.39
P0105,2025-01-01,2025-03-31,1290.28
P0105,2025-04-01,2025-06-30,1300.89
P0105,2025-07-01,2025-09-30,1316.27
P0105,2025-10-01,2025-12-31,1345.27
P0105,2026-01-01,2026-03-31,1372.5
P0105,2026-04-01,2026-06-30,1400.99
P0105,2026-07-01,2026-09-30,1432.44
P0105,2026-10-01,2099-12-31,1455.73
P0106,2024-01-01,2024-03-31,1125.94
P0106,2024-04-01,2024-06-30,1131.05
P0106,2024-07-01,2024-09-30,1132.11
P0106,2024-10-01,2024-12-31,1136.51
P0106,2025-01-01,2025-03-31,1140.87
P0106,2025-04-01,2025-06-30,1146.57
P0106,2025-07-01,2025-09-30,1151.38
P0106,2025-10-01,2025-12-31,1154.67
P0106,2026-01-01,2026-03-31,1153.15
P0106,2026-04-01,2026-06-30,1151.16
P0106,2026-07-01,2026-09-30,1154.93
P0106,2026-10-01,2099-12-31,1155.26
P0107,2024-01-01,2024-03-31,1196.76
P0107,2024-04-01,2024-06-30,1219.33
P0107,2024-07-01,2024-09-30,1240.62
P0107,2024-10-01,2024-12-31,1262.87
P0107,2025-01-01,2025-03-31,1293.7
P0107,2025-04-01,2025-06-30,1312.61
P0107,2025-07-01,2025-09-30,1337.77
P0107,2025-10-01,2025-12-31,1369.81
P0107,2026-01-01,2026-03-31,1398.2
P0107,2026-04-01,2026-06-30,1440.41
P0107,2026-07-01,2026-09-30,1466.32
P0107,2026-10-01,2099-12-31,1493.66
P0108,2024-01-01,2024-03-31,1364.2
P0108,2024-04-01,2024-06-30,1345.56
P0108,2024-07-01,2024-09-30,1321.73
P0108,2024-10-01,2024-12-31,1304.49
P0108,2025-01-01,2025-03-31,1281.04
P0108,2025-04-01,2025-06-30,1259.76
P0108,2025-07-01,2025-09-30,1243.16
P0108,2025-10-01,2025-12-31,1214.21
P0108,2026-01-01,2026-03-31,1197.8
P0108,2026-04-01,2026-06-30,1168.92
P0108,2026-07-01,2026-09-30,1142.46
P0108,2026-10-01,2099-12-31,1118.98
P0109,2024-01-01,2024-03-31,1378.3
P0109,2024-04-01,2024-06-30,1367.91
P0109,2024-07-01,2024-09-30,1366.77
P0109,2024-10-01,2024-12-31,1350.93
P0109,2025-01-01,2025-03-31,1349.47
P0109,2025-04-01,2025-06-30,1340.79
P0109,2025-07-01,2025-09-30,1333.98
P0109,2025-10-01,2025-12-31,1343.56
P0109,2026-01-01,2026-03-31,1334.2
P0109,2026-04-01,2026-06-30,1324.05
P0109,2026-07-01,2026-09-30,1305.71
P0109,2026-10-01,2099-12-31,1302.61
P0110,2024-01-01,2024-03-31,1232.38
P0110,2024-04-01,2024-06-30,1222.21
P0110,2024-07-01,2024-09-30,1203.09
P0110,2024-10-01,2024-12-31,1180.24
P0110,2025-01-01,2025-03-31,1157.62
P0110,2025-04-01,2025-06-30,1132.71
P0110,2025-07-01,2025-09-30,1107.14
P0110,2025-10-01,2025-12-31,1082.07
P0110,2026-01-01,2026-03-31,1074.24
P0110,2026-04-01,2026-06-30,1058.81
P0110,2026-07-01,2026-09-30,1044.0
P0110,2026-10-01,2099-12-31,1032.05
P0111,2024-01-01,2024-03-31,1362.06
P0111,2024-04-01,2024-06-30,1351.46
P0111,2024-07-01,2024-09-30,1346.26
P0111,2024-10-01,2024-12-31,1341.74
P0111,2025-01-01,2025-03-31,1327.42
P0111,2025-04-01,2025-06-30,1312.6
P0111,2025-07-01,2025-09-30,1302.02
P0111,2025-10-01,2025-12-31,1288.17
P0111,2026-01-01,2026-03-31,1275.92
P0111,2026-04-01,2026-06-30,1257.4
P0111,2026-07-01,2026-09-30,1241.73
P0111,2026-10-01,2099-12-31,1226.47
P0112,2024-01-01,2024-03-31,1511.61
P0112,2024-04-01,2024-06-30,1516.27
P0112,2024-07-01,2024-09-30,1515.2
P0112,2024-10-01,2024-12-31,1516.68
P0112,2025-01-01,2025-03-31,1513.49
P0112,2025-04-01,2025-06-30,1498.63
P0112,2025-07-01,2025-09-30,1500.24
P0112,2025-10-01,2025-12-31,1510.95
P0112,2026-01-01,2026-03-31,1500.12
P0112,2026-04-01,2026-06-30,1497.83
P0112,2026-07-01,2026-09-30,1492.06
P0112,2026-10-01,2099-12-31,1482.2
P0113,2024-01-01,2024-03-31,1245.7
P0113,2024-04-01,2024-06-30,1225.13
P0113,2024-07-01,2024-09-30,1194.2
P0113,2024-10-01,2024-12-31,1171.46
P0113,2025-01-01,2025-03-31,1150.07
P0113,2025-04-01,2025-06-30,1125.5
P0113,2025-07-01,2025-09-30,1096.29
P0113,2025-10-01,2025-12-31,1067.49
P0113,2026-01-01,2026-03-31,1041.88
P0113,2026-04-01,2026-06-30,1022.92
P0113,2026-07-01,2026-09-30,1005.91
P0113,2026-10-01,2099-12-31,991.3
P0114,2024-01-01,2024-03-31,1052.6
P0114,2024-04-01,2024-06-30,1061.45
P0114,2024-07-01,2024-09-30,1075.22
P0114,2024-10-01,2024-12-31,1094.37
P0114,2025-01-01,2025-03-31,1117.06
P0114,2025-04-01,2025-06-30,1131.49
P0114,2025-07-01,2025-09-30,1147.42
P0114,2025-10-01,2025-12-31,1159.39
P0114,2026-01-01,2026-03-31,1171.38
P0114,2026-04-01,2026-06-30,1190.57
P0114,2026-07-01,2026-09-30,1206.92
P0114,2026-10-01,2099-12-31,1231.01
P0115,2024-01-01,2024-03-31,1458.7
P0115,2024-04-01,2024-06-30,1429.42
P0115,2024-07-01,2024-09-30,1405.14
P0115,2024-10-01,2024-12-31,1385.23
P0115,2025-01-01,2025-03-31,1356.46
P0115,2025-04-01,2025-06-30,1329.37
P0115,2025-07-01,2025-09-30,1307.29
P0115,2025-10-01,2025-12-31,1285.85
P0115,2026-01-01,2026-03-31,1258.99
P0115,2026-04-01,2026-06-30,1239.49
P0115,2026-07-01,2026-09-30,1214.65
P0115,2026-10-01,2099-12-31,1191.04
P0116,2024-01-01,2024-03-31,1185.88
P0116,2024-04-01,2024-06-30,1187.8
P0116,2024-07-01,2024-09-30,1189.72
P0116,2024-10-01,2024-12-31,1183.5
P0116,2025-01-01,2025-03-31,1187.74
P0116,2025-04-01,2025-06-30,1185.52
P0116,2025-07-01,2025-09-30,1182.77
P0116,2025-10-01,2025-12-31,1185.36
P0116,2026-01-01,2026-03-31,1187.37
P0116,2026-04-01,2026-06-30,1185.8
P0116,2026-07-01,2026-09-30,1185.16
P0116,2026-10-01,2099-12-31,1182.95
P0117,2024-01-01,2024-03-31,1063.59
P0117,2024-04-01,2024-06-30,1055.01
P0117,2024-07-01,2024-09-30,1039.04
P0117,2024-10-01,2024-12-31,1028.44
P0117,2025-01-01,2025-03-31,1020.77
P0117,2025-04-01,2025-06-30,1013.64
P0117,2025-07-01,2025-09-30,998.11
P0117,2025-10-01,2025-12-31,992.02
P0117,2026-01-01,2026-03-31,979.43
P0117,2026-04-01,2026-06-30,971.38
P0117,2026-07-01,2026-09-30,960.91
P0117,2026-10-01,2099-12-31,945.59
P0118,2024-01-01,2024-03-31,1290.66
P0118,2024-04-01,2024-06-30,1269.21
P0118,2024-07-01,2024-09-30,1246.63
P0118,2024-10-01,2024-12-31,1228.9
P0118,2025-01-01,2025-03-31,1210.71
P0118,2025-04-01,2025-06-30,1193.89
P0118,2025-07-01,2025-09-30,1174.04
P0118,2025-10-01,2025-12-31,1163.07
P0118,2026-01-01,2026-03-31,1155.72
P0118,2026-04-01,2026-06-30,1139.49
P0118,2026-07-01,2026-09-30,1129.92
P0118,2026-10-01,2099-12-31,1119.47
P0119,2024-01-01,2024-03-31,1168.53
P0119,2024-04-01,2024-06-30,1169.96
P0119,2024-07-01,2024-09-30,1162.55
P0119,2024-10-01,2024-12-31,1154.25
P0119,2025-01-01,2025-03-31,1151.94
P0119,2025-04-01,2025-06-30,1149.18
P0119,2025-07-01,2025-09-30,1150.32
P0119,2025-10-01,2025-12-31,1144.29
P0119,2026-01-01,2026-03-31,1141.32
P0119,2026-04-01,2026-06-30,1137.29
P0119,2026-07-01,2026-09-30,1128.88
P0119,2026-10-01,2099-12-31,1127.09
P0120,2024-01-01,2024-03-31,1238.76
P0120,2024-04-01,2024-06-30,1240.63
P0120,2024-07-01,2024-09-30,1232.97
P0120,2024-10-01,2024-12-31,1236.85
P0120,2025-01-01,2025-03-31,1229.58
P0120,2025-04-01,2025-06-30,1241.03
P0120,2025-07-01,2025-09-30,1239.47
P0120,2025-10-01,2025-12-31,1237.35
P0120,2026-01-01,2026-03-31,1231.18
P0120,2026-04-01,2026-06-30,1225.72
P0120,2026-07-01,2026-09-30,1230.0
P0120,2026-10-01,2099-12-31,1230.23
